zip_code_of_location_of_base-station,Normalized Lyapunov Exponents,Normalized Average Mobility factor,latitude,longitude,Data_Rate_normalized
95838,-1.469,-1.4622,38.631913,-121.434879,-1.2642
95823,-0.31253,-1.4622,38.478902,-121.431028,-1.1992
95815,-1.469,-1.4622,38.618305,-121.443839,-1.1944
95815,-1.469,-1.4622,38.616835,-121.439146,-1.1913
95824,-1.469,-1.4622,38.51947,-121.435768,-1.1003
95841,-0.31253,-1.4622,38.662595,-121.327813,-1.0423
95842,-0.31253,0.0066998,38.681659,-121.351705,-1.0353
95820,-0.31253,-1.4622,38.535092,-121.481367,-1.0345
95670,-1.469,0.0066998,38.621188,-121.270555,-1.0063
95673,-0.31253,0.0066998,38.700909,-121.442979,-0.97717
95838,-0.31253,0.0066998,38.637663,-121.45152,-0.96726
95823,-0.31253,0.0066998,38.470746,-121.458918,-0.92432
95815,-2.6255,-1.4622,38.618698,-121.435833,-0.91997
95822,-0.31253,-1.4622,38.482215,-121.492603,-0.91527
95842,-1.469,0.0066998,38.672914,-121.35934,-0.90625
95842,-1.469,0.0066998,38.700051,-121.351278,-0.89216
95673,-1.469,-1.4622,38.689591,-121.452239,-0.87364
95621,-1.469,-1.4622,38.679776,-121.314089,-0.85205
95833,-1.469,-1.4622,38.612099,-121.469095,-0.82495
95673,-0.31253,0.0066998,38.689999,-121.46322,-0.81317
95621,-0.31253,0.0066998,38.707851,-121.320707,-0.81049
95823,0.84397,0.0066998,38.468173,-121.444071,-0.80556
95660,0.84397,0.0066998,38.702792,-121.38221,-0.80326
95834,-0.31253,0.0066998,38.628631,-121.488097,-0.79531
95660,-0.31253,0.0066998,38.701499,-121.37622,-0.78881
95843,-0.31253,0.0066998,38.70974,-121.37377,-0.77696
95820,-0.31253,-1.4622,38.537526,-121.478315,-0.77232
95832,-0.31253,0.0066998,38.476472,-121.501711,-0.7599
95827,0.84397,0.0066998,38.558423,-121.327948,-0.744
95828,-0.31253,0.0066998,38.472122,-121.404199,-0.73822
95758,-1.469,0.0066998,38.423251,-121.444489,-0.73099
95660,-0.31253,0.0066998,38.691161,-121.37192,-0.71975
95827,-0.31253,0.0066998,38.566663,-121.332644,-0.7057
95626,-0.31253,0.0066998,38.713182,-121.411227,-0.68944
95758,-1.469,0.0066998,38.423251,-121.444489,-0.67317
95823,-0.31253,0.0066998,38.48742,-121.462459,-0.63523
95660,-0.31253,0.0066998,38.658246,-121.375469,-0.62758
95823,0.84397,0.0066998,38.479553,-121.463317,-0.61716
95828,0.84397,0.0066998,38.49857,-121.420925,-0.61107
95825,-2.6255,-1.4622,38.58514,-121.403736,-0.60813
95835,-1.469,0.0066998,38.658812,-121.542345,-0.59367
95822,-0.31253,0.0066998,38.493955,-121.48966,-0.57922
95624,-0.31253,0.0066998,38.41653,-121.379653,-0.55829
95843,-1.469,0.0066998,38.72027,-121.331555,-0.52682
95660,0.84397,0.0066998,38.699251,-121.371414,-0.52502
95833,0.84397,-1.4622,38.613765,-121.488694,-0.50695
95823,0.84397,0.0066998,38.450543,-121.432538,-0.49972
95823,0.84397,-1.4622,38.489405,-121.452811,-0.48991
95838,0.84397,0.0066998,38.636748,-121.422159,-0.48991
95823,-0.31253,0.0066998,38.499954,-121.454469,-0.47804
95624,-0.31253,0.0066998,38.415518,-121.370527,-0.46358
95828,0.84397,0.0066998,38.473814,-121.4,-0.4419
95823,-0.31253,0.0066998,38.477553,-121.419463,-0.43287
95828,0.84397,0.0066998,38.474853,-121.406326,-0.43241
95823,-0.31253,0.0066998,38.465184,-121.434925,-0.4023
95632,-0.31253,0.0066998,38.287789,-121.294715,-0.40027
95842,0.84397,0.0066998,38.665724,-121.358576,-0.39435
95826,-0.31253,0.0066998,38.547011,-121.366217,-0.38409
95608,-0.31253,-1.4622,38.662105,-121.313945,-0.37778
95823,0.84397,1.4756,38.4473,-121.435218,-0.37262
95843,-0.31253,0.0066998,38.714609,-121.347887,-0.37168
95632,-0.31253,0.0066998,38.260443,-121.297864,-0.37144
95662,0.84397,0.0066998,38.664186,-121.217511,-0.36819
95632,-0.31253,-1.4622,38.251808,-121.302493,-0.32814
95823,-0.31253,0.0066998,38.459041,-121.424644,-0.32627
95826,-0.31253,0.0066998,38.560767,-121.377471,-0.3041
95758,-0.31253,0.0066998,38.422811,-121.423285,-0.29013
95843,-0.31253,0.0066998,38.711279,-121.393449,-0.28422
95828,0.84397,2.9445,38.48009,-121.415102,-0.2829
95823,-0.31253,0.0066998,38.44004,-121.421012,-0.26122
95624,0.84397,0.0066998,38.44076,-121.385792,-0.25038
95630,-0.31253,0.0066998,38.687742,-121.17104,-0.24677
95608,-0.31253,-1.4622,38.664468,-121.32683,-0.24677
95834,0,0,38.631481,-121.50188,-0.2034
95834,-0.31253,0.0066998,38.653439,-121.535169,-0.18895
95823,0.84397,0.0066998,38.454349,-121.439239,-0.1538
95758,0.84397,0.0066998,38.427818,-121.424026,-0.094996
95835,-1.469,0.0066998,38.67307,-121.506373,-0.094996
95624,2.0005,1.4756,38.435436,-121.394536,-0.080123
95624,0.84397,0.0066998,38.400676,-121.38101,-0.045223
95823,-0.31253,0.0066998,38.491399,-121.443547,-0.019277
95670,-0.31253,0.0066998,38.593699,-121.31089,0.0039947
95621,0.84397,0.0066998,38.702855,-121.31308,0.0061846
95833,0.84397,0.0066998,38.618457,-121.509439,0.013412
95829,0.84397,1.4756,38.463355,-121.358936,0.018362
95655,-0.31253,0.0066998,38.547991,-121.280483,0.026421
95673,-0.31253,0.0066998,38.693818,-121.441153,0.043202
95757,-0.31253,0.0066998,38.400974,-121.448424,0.061386
95828,-0.31253,0.0066998,38.478198,-121.412911,0.07123
95833,0,0,38.626671,-121.52597,0.074843
95828,-0.31253,-1.4622,38.502519,-121.420769,0.078168
95624,2.0005,1.4756,38.443832,-121.382087,0.085091
95621,-0.31253,0.0066998,38.665395,-121.293288,0.11459
95758,0.84397,0.0066998,38.444909,-121.412345,0.11459
95608,-1.469,0.0066998,38.637028,-121.312963,0.11556
95757,-0.31253,0.0066998,38.38692,-121.447349,0.14495
95841,0.84397,0.0066998,38.653917,-121.34218,0.14495
95758,2.0005,1.4756,38.42568,-121.438062,0.17241
95835,-0.31253,0.0066998,38.656251,-121.547572,0.18687
95820,-0.31253,-1.4622,38.53151,-121.421089,0.18697
95742,0,0,38.553867,-121.219141,0.21216
95834,-0.31253,0.0066998,38.648879,-121.544023,0.223
95726,-0.31253,0.0066998,38.708315,-120.603872,0.223
95822,-0.31253,-1.4622,38.523947,-121.484946,0.27173
95829,0.84397,1.4756,38.472976,-121.318633,0.28624
95822,-0.31253,0.0066998,38.502194,-121.490795,0.29589
95726,-1.469,0.0066998,38.75485,-120.60476,0.33797
95832,0.84397,1.4756,38.474099,-121.490711,0.33854
95826,5.47,2.9445,38.559505,-121.364839,0.34875
95758,0.84397,0.0066998,38.410992,-121.479043,0.36755
95624,0.84397,0.0066998,38.4439,-121.37255,0.38501
95757,-0.31253,0.0066998,38.391538,-121.442596,0.41091
95818,-1.469,-1.4622,38.556098,-121.490787,0.41831
95827,0.84397,2.9445,38.5703,-121.315735,0.45427
95758,2.0005,1.4756,38.442031,-121.410873,0.45427
95757,-0.31253,0.0066998,38.40154,-121.447649,0.4615
95670,-1.469,0.0066998,38.62869,-121.261669,0.46873
95835,2.0005,1.4756,38.658182,-121.549521,0.50513
95624,0.84397,0.0066998,38.442352,-121.389675,0.55545
95827,2.0005,1.4756,38.555993,-121.340352,0.58824
95742,2.0005,2.9445,38.545128,-121.224922,0.6205
95742,0,0,38.528575,-121.2286,0.6205
95826,0.84397,1.4756,38.550848,-121.370224,0.68092
95662,-1.469,-1.4622,38.71147,-121.216214,0.72276
95757,-0.31253,1.4756,38.398609,-121.450148,0.73433
95757,0.84397,1.4756,38.403492,-121.430224,0.73433
95833,0,0,38.602416,-121.542965,0.76143
95630,-0.31253,0.0066998,38.68479,-121.149199,0.79576
95758,0.84397,0.0066998,38.41333,-121.404999,0.80992
95823,-0.31253,1.4756,38.448507,-121.421346,0.81584
95757,0.84397,0.0066998,38.380635,-121.425538,0.82033
95823,0.84397,1.4756,38.46534,-121.457519,0.84671
95762,-0.31253,0.0066998,38.691299,-121.081752,0.85177
95831,0,0,38.4772,-121.5215,0.98186
95683,0.84397,1.4756,38.4874,-121.075129,0.98547
95693,-0.31253,0.0066998,38.35062,-121.228349,0.99631
95757,2.0005,1.4756,38.4019,-121.420388,1.018
95835,2.0005,1.4756,38.677126,-121.500519,1.0635
95831,0.84397,0.0066998,38.509819,-121.519661,1.0682
95843,0.84397,0.0066998,38.709873,-121.339472,1.11
95814,-0.31253,1.4756,38.58355,-121.487289,1.1336
95757,0.84397,1.4756,38.408351,-121.423925,1.1587
95635,-0.31253,0.0066998,38.945357,-120.908822,1.1625
95624,0.84397,1.4756,38.450829,-121.349928,1.2
95831,-0.31253,1.4756,38.487885,-121.545947,1.3071
95757,2.0005,1.4756,38.385638,-121.422616,1.3794
95742,2.0005,1.4756,38.550617,-121.23526,1.4155
95624,0,0,38.420338,-121.363757,1.5239
95630,2.0005,1.4756,38.646273,-121.175322,1.6323
95757,0.84397,1.4756,38.38253,-121.428007,1.6395
95757,0.84397,1.4756,38.406421,-121.422081,1.8443
95757,2.0005,2.9445,38.38253,-121.428038,1.9937
95630,0.84397,0.0066998,38.655167,-121.090178,2.2033
95630,0,0,38.670947,-121.097727,2.5357
95762,0.84397,1.4756,38.672761,-121.050378,2.6441
95762,0.84397,1.4756,38.666807,-121.06483,2.6892
95864,-0.31253,1.4756,38.591618,-121.370626,3.0778
95762,3.157,4.4135,38.669931,-121.05958,4.3064
95621,-1.469,-1.4622,38.680923,-121.313945,-1.1935
95817,0.84397,0.0066998,38.554967,-121.468046,-1.1863
95624,-1.469,-1.4622,38.40573,-121.369832,-1.1791
95815,-1.469,-1.4622,38.624678,-121.439203,-1.1285
95824,-1.469,-1.4622,38.518044,-121.443555,-1.1256
95822,-0.31253,-1.4622,38.515125,-121.480416,-1.114
95815,0.84397,0.0066998,38.623571,-121.454884,-1.049
95815,-0.31253,-1.4622,38.622953,-121.450142,-1.0418
95824,-1.469,-1.4622,38.518373,-121.411779,-1.0418
95824,-0.31253,-1.4622,38.51055,-121.414768,-1.0273
95820,-1.469,-1.4622,38.53942,-121.446894,-1.0152
95683,0,0,38.492287,-121.100032,-0.98575
95815,-1.469,-1.4622,38.621998,-121.442238,-0.98394
95758,-2.6255,-1.4622,38.423251,-121.444489,-0.98394
95864,-0.31253,-1.4622,38.588672,-121.373916,-0.97672
95758,-2.6255,-1.4622,38.423251,-121.444489,-0.96949
95632,-0.31253,-1.4622,38.241514,-121.312199,-0.92095
95820,-0.31253,-1.4622,38.52712,-121.435348,-0.88999
95660,-0.31253,-1.4622,38.67895,-121.379406,-0.88999
95842,-1.469,0.0066998,38.682279,-121.352817,-0.86253
95670,-0.31253,-1.4622,38.587156,-121.295778,-0.82416
95824,-0.31253,-1.4622,38.518942,-121.430158,-0.80164
95838,-0.31253,0.0066998,38.636565,-121.460383,-0.79784
95660,-0.31253,-1.4622,38.650445,-121.374861,-0.78881
95822,-0.31253,0.0066998,38.514665,-121.480411,-0.78881
95626,-0.31253,0.0066998,38.717976,-121.407684,-0.78158
95660,-0.31253,-1.4622,38.66654,-121.378298,-0.7599
95838,-1.469,-1.4622,38.637678,-121.452476,-0.72376
95838,-0.31253,0.0066998,38.658478,-121.450409,-0.71654
95815,-0.31253,0.0066998,38.61779,-121.436765,-0.71292
95833,-0.31253,-1.4622,38.623817,-121.477827,-0.6804
95632,-0.31253,0.0066998,38.270617,-121.299205,-0.6804
95628,-1.469,0.0066998,38.662785,-121.276272,-0.66233
95834,-0.31253,0.0066998,38.631056,-121.48508,-0.65511
95758,0,0,38.423251,-121.444489,-0.64426
95820,-1.469,-1.4622,38.532727,-121.470783,-0.64426
95828,0.84397,0.0066998,38.488623,-121.410582,-0.64426
95828,-0.31253,0.0066998,38.488611,-121.412808,-0.64426
95660,0.84397,0.0066998,38.692915,-121.367497,-0.63704
95822,-0.31253,-1.4622,38.487444,-121.491366,-0.61897
95828,-0.31253,0.0066998,38.473288,-121.3963,-0.61536
95828,-0.31253,0.0066998,38.482876,-121.405912,-0.60813
95823,0.84397,0.0066998,38.484834,-121.449316,-0.60813
95758,-1.469,0.0066998,38.420138,-121.412179,-0.59367
95621,-0.31253,0.0066998,38.693724,-121.307169,-0.56477
95825,-1.469,-1.4622,38.609982,-121.419263,-0.56477
95624,-1.469,0.0066998,38.41875,-121.370019,-0.56477
95842,-1.469,-1.4622,38.67273,-121.359645,-0.55184
95621,-0.31253,0.0066998,38.720653,-121.302241,-0.52391
95820,-1.469,-1.4622,38.541965,-121.452132,-0.52264
95843,-0.31253,0.0066998,38.715346,-121.388163,-0.49972
95823,-0.31253,0.0066998,38.448288,-121.420719,-0.47804
95842,-0.31253,0.0066998,38.69951,-121.359989,-0.47081
95670,-0.31253,0.0066998,38.591477,-121.31534,-0.42745
95823,-0.31253,0.0066998,38.457654,-121.431381,-0.41841
95823,-0.31253,0.0066998,38.461283,-121.434322,-0.39854
95843,-1.469,0.0066998,38.710889,-121.358876,-0.39131
95758,-0.31253,0.0066998,38.417649,-121.420294,-0.38842
95758,0.84397,0.0066998,38.417182,-121.397231,-0.37686
95670,0.84397,0.0066998,38.592383,-121.318669,-0.35879
95758,-0.31253,0.0066998,38.435471,-121.441173,-0.35518
95608,0.84397,0.0066998,38.666564,-121.325717,-0.32627
95621,-0.31253,0.0066998,38.718693,-121.303619,-0.29013
95826,-0.31253,-1.4622,38.543697,-121.366683,-0.2829
95843,-0.31253,0.0066998,38.704407,-121.36113,-0.24677
95682,-0.31253,-1.4622,38.694052,-120.995589,-0.23954
95648,0.84397,0.0066998,38.879192,-121.309477,-0.2287
95828,-0.31253,0.0066998,38.461296,-121.390858,-0.21063
95838,0.84397,0.0066998,38.655887,-121.446119,-0.21063
95667,-0.31253,0.0066998,38.74458,-120.794254,-0.21063
95823,0.84397,1.4756,38.443253,-121.431992,-0.21063
95820,-1.469,-1.4622,38.536741,-121.42115,-0.19618
95682,-1.469,0.0066998,38.69437,-120.996602,-0.1745
95667,-1.469,-1.4622,38.739774,-120.860243,-0.16366
95621,0.84397,0.0066998,38.696489,-121.328555,-0.13836
95610,-0.31253,0.0066998,38.710388,-121.261096,-0.13836
95833,0,0,38.626582,-121.52151,-0.13475
95824,-0.31253,-1.4622,38.513066,-121.451909,-0.085016
95825,0,0,38.588816,-121.408549,-0.066088
95833,-0.31253,0.0066998,38.624762,-121.522775,-0.066088
95825,0.84397,0.0066998,38.606603,-121.394147,-0.066088
95624,-0.31253,0.0066998,38.419214,-121.348533,-0.066088
95826,0.84397,0.0066998,38.55821,-121.355022,-0.044406
95673,0.84397,0.0066998,38.702893,-121.454949,-0.032373
95722,-0.31253,-1.4622,39.008159,-121.03623,-0.029951
95628,-1.469,0.0066998,38.665644,-121.259969,-0.029951
95757,-0.31253,0.0066998,38.390557,-121.449805,-0.029951
95835,-0.31253,0.0066998,38.672495,-121.515251,-0.0010426
95835,-0.31253,0.0066998,38.661658,-121.540633,0.0061846
95822,-0.31253,-1.4622,38.534596,-121.493121,0.015219
95630,0,0,38.6457,-121.1197,0.042321
95624,0,0,38.43742,-121.372876,0.056775
95842,-0.31253,0.0066998,38.699489,-121.361828,0.078457
95828,0.84397,1.4756,38.459711,-121.384283,0.078457
95816,-1.469,-1.4622,38.562296,-121.467489,0.078457
95835,0,0,38.676658,-121.528128,0.11459
95662,-0.31253,0.0066998,38.669882,-121.213533,0.11459
95662,0.84397,0.0066998,38.692199,-121.250975,0.11459
95678,-0.31253,0.0066998,38.725283,-121.297953,0.11459
95843,-0.31253,0.0066998,38.710221,-121.341651,0.15073
95610,2.0005,2.9445,38.682358,-121.272876,0.15835
95829,-0.31253,0.0066998,38.45967,-121.360461,0.17045
95758,0.84397,0.0066998,38.409634,-121.410787,0.18687
95843,-0.31253,0.0066998,38.705849,-121.334701,0.19409
95648,0.84397,0.0066998,38.879084,-121.298586,0.19987
95822,0.84397,0.0066998,38.482704,-121.500433,0.21916
95843,0.84397,1.4756,38.717042,-121.35468,0.223
95835,0,0,38.676937,-121.529244,0.25914
95835,0.84397,1.4756,38.671807,-121.498274,0.25914
95835,-0.31253,0.0066998,38.665704,-121.529096,0.25914
95834,0,0,38.647961,-121.543162,0.25914
95624,0.84397,1.4756,38.435288,-121.375703,0.29527
95758,0.84397,0.0066998,38.411522,-121.481406,0.29527
95624,0.84397,1.4756,38.404934,-121.352405,0.33141
95628,-0.31253,0.0066998,38.660322,-121.230101,0.37487
95834,0.84397,0.0066998,38.633028,-121.526755,0.41814
95747,-0.31253,0.0066998,38.752399,-121.330328,0.41814
95628,-0.31253,0.0066998,38.664552,-121.255937,0.43254
95678,-0.31253,0.0066998,38.776327,-121.284514,0.43259
95838,-0.31253,0.0066998,38.65783,-121.456842,0.4526
95648,0.84397,2.9445,38.864864,-121.313988,0.45789
95670,0,0,38.625289,-121.260286,0.47595
95673,-0.31253,-1.4622,38.700553,-121.452223,0.47595
95632,0.84397,1.4756,38.272942,-121.289148,0.47595
95667,-0.31253,0.0066998,38.694559,-120.848157,0.47595
95835,0.84397,0.0066998,38.677454,-121.494791,0.47957
95670,-0.31253,0.0066998,38.628732,-121.261149,0.51209
95747,0,0,38.772771,-121.364877,0.52293
95835,0,0,38.668692,-121.54549,0.56629
95648,2.0005,1.4756,38.866409,-121.308485,0.58436
95823,0.84397,0.0066998,38.447353,-121.434969,0.61897
95648,-1.469,0.0066998,38.849924,-121.275729,0.69277
95630,-0.31253,0.0066998,38.667834,-121.168578,0.69277
95757,-0.31253,0.0066998,38.387014,-121.440967,0.7
95820,-1.469,-1.4622,38.542727,-121.442449,0.72168
95670,0.84397,1.4756,38.573488,-121.282809,0.73613
95819,-0.31253,-1.4622,38.563805,-121.436395,0.75782
95630,0.84397,0.0066998,38.652002,-121.129504,0.75782
95632,0.84397,0.0066998,38.279581,-121.300828,0.80118
95667,0.84397,1.4756,38.738141,-120.784145,0.83731
95678,-0.31253,0.0066998,38.782094,-121.297133,0.88068
95823,0.84397,0.0066998,38.487409,-121.461413,0.9222
95811,0.84397,0.0066998,38.591822,-121.478644,0.92367
95757,2.0005,1.4756,38.405224,-121.479275,0.98186
95677,0.84397,0.0066998,38.778691,-121.204292,1.0541
95757,2.0005,2.9445,38.405527,-121.431746,1.0903
95682,-0.31253,0.0066998,38.664225,-121.007173,1.1914
95765,0.84397,0.0066998,38.805749,-121.280931,1.2131
95757,0.84397,1.4756,38.390465,-121.443479,1.2422
95632,2.0005,2.9445,38.271646,-121.286848,1.3432
95742,0,0,38.527502,-121.233492,1.3794
95683,0.84397,0.0066998,38.512602,-121.087233,1.3794
95834,0,0,38.650221,-121.551704,1.4408
95648,0.84397,1.4756,38.857635,-121.311375,1.4642
95762,2.0005,1.4756,38.679136,-121.034329,1.4784
95811,-1.469,-1.4622,38.582604,-121.47576,1.5239
95630,0.84397,0.0066998,38.676306,-121.09954,1.56
95841,-0.31253,-1.4622,38.646374,-121.353658,1.6323
95762,-0.31253,0.0066998,38.668239,-121.064437,1.6323
95624,0.84397,1.4756,38.403609,-121.335541,1.6323
95835,0.84397,2.9445,38.665696,-121.549437,1.6684
95835,2.0005,1.4756,38.677225,-121.519687,1.7172
95765,2.0005,1.4756,38.801637,-121.278798,1.7769
95608,-1.469,0.0066998,38.602754,-121.329326,1.8058
95667,0.84397,1.4756,38.787877,-120.816676,1.813
95757,0.84397,1.4756,38.398488,-121.473424,1.8853
95678,0,0,38.770153,-121.300039,1.925
95603,-0.31253,1.4756,38.891935,-121.08434,1.9503
95762,0,0,38.628459,-121.055078,2.2177
95693,0,0,38.408841,-121.198039,2.355
95829,2.0005,1.4756,38.47643,-121.309243,2.4454
95608,0.84397,0.0066998,38.602461,-121.330979,2.514
95661,0.84397,1.4756,38.735373,-121.227072,2.741
95747,0.84397,0.0066998,38.742118,-121.359909,2.7453
95628,2.0005,4.4135,38.64167,-121.262099,3.2223
95819,2.0005,0.0066998,38.563244,-121.446876,3.3596
95650,0.84397,2.9445,38.813337,-121.133348,4.3714
95842,-1.469,-1.4622,38.673678,-121.357471,-1.4031
95825,-2.6255,-1.4622,38.582279,-121.401482,-1.3453
95815,-0.31253,-1.4622,38.620685,-121.460539,-1.2477
95817,-1.469,-1.4622,38.546798,-121.460038,-1.2438
95820,-1.469,-1.4622,38.532718,-121.46747,-1.2224
95838,-1.469,-1.4622,38.638797,-121.435049,-1.2224
95820,-1.469,-1.4622,38.539447,-121.450858,-1.2008
95820,-1.469,-1.4622,38.539447,-121.450858,-1.2008
95841,-1.469,-1.4622,38.658739,-121.333561,-1.1357
95842,-1.469,-1.4622,38.669104,-121.359008,-1.0943
95838,-0.31253,-1.4622,38.637337,-121.432835,-1.0851
95820,-1.469,-1.4622,38.53728,-121.463531,-1.0802
95828,-0.31253,-1.4622,38.497237,-121.424187,-1.0779
95822,-0.31253,-1.4622,38.484274,-121.488851,-1.0418
95826,-1.469,-1.4622,38.559144,-121.368387,-1.0418
95838,-1.469,0.0066998,38.630151,-121.442789,-1.0345
95838,-0.31253,-1.4622,38.637704,-121.453946,-1.0056
95842,-1.469,-1.4622,38.663282,-121.359631,-0.98756
95815,0.84397,0.0066998,38.617718,-121.440089,-0.96949
95826,-2.6255,-1.4622,38.544627,-121.35796,-0.96949
95621,-1.469,-1.4622,38.675893,-121.2963,-0.96226
95815,0.84397,0.0066998,38.622243,-121.457863,-0.94961
95660,-0.31253,-1.4622,38.68972,-121.378399,-0.87915
95821,-0.31253,-1.4622,38.623738,-121.41305,-0.87554
95820,0.84397,0.0066998,38.53361,-121.469308,-0.86831
95838,-0.31253,-1.4622,38.659414,-121.45408,-0.86831
95823,-1.469,-1.4622,38.463929,-121.438667,-0.86289
95843,-1.469,0.0066998,38.71607,-121.364468,-0.86108
95678,-1.469,0.0066998,38.732429,-121.288069,-0.86108
95832,-0.31253,-1.4622,38.470093,-121.468347,-0.85313
95660,-0.31253,0.0066998,38.656131,-121.377265,-0.83037
95828,0.84397,2.9445,38.490704,-121.410176,-0.82495
95820,-1.469,-1.4622,38.53105,-121.479574,-0.82495
95834,-1.469,0.0066998,38.647523,-121.523217,-0.82495
95823,-0.31253,0.0066998,38.470187,-121.448149,-0.82416
95823,-1.469,0.0066998,38.454949,-121.440578,-0.8141
95815,-0.31253,-1.4622,38.613103,-121.444085,-0.81248
95632,-0.31253,0.0066998,38.24227,-121.31032,-0.81049
95822,-0.31253,0.0066998,38.50372,-121.490657,-0.80326
95825,-1.469,-1.4622,38.598321,-121.39161,-0.78881
95833,0.84397,0.0066998,38.617173,-121.482541,-0.78467
95626,0.84397,0.0066998,38.705834,-121.43919,-0.77642
95826,-1.469,-1.4622,38.557045,-121.37167,-0.77464
95678,-1.469,-1.4622,38.749723,-121.27008,-0.77435
95828,0.84397,0.0066998,38.49069,-121.382619,-0.77074
95660,-0.31253,0.0066998,38.699269,-121.376334,-0.75267
95824,-1.469,-1.4622,38.520941,-121.459355,-0.73023
95673,-1.469,0.0066998,38.691104,-121.451832,-0.7057
95608,-0.31253,0.0066998,38.628563,-121.328297,-0.68401
95626,-0.31253,0.0066998,38.71865,-121.407763,-0.6804
95832,-0.31253,0.0066998,38.47807,-121.48114,-0.67462
95822,-0.31253,0.0066998,38.484896,-121.486948,-0.64426
95828,0.84397,0.0066998,38.478502,-121.403517,-0.62981
95828,-0.31253,0.0066998,38.479083,-121.400702,-0.61102
95820,2.0005,0.0066998,38.534508,-121.467907,-0.60813
95747,-1.469,0.0066998,38.795529,-121.328819,-0.60813
95822,-0.31253,0.0066998,38.489759,-121.474754,-0.60813
95823,-0.31253,0.0066998,38.457157,-121.433065,-0.57199
95838,-0.31253,0.0066998,38.646677,-121.437573,-0.56885
95838,-0.31253,0.0066998,38.646677,-121.437573,-0.56838
95621,0.84397,0.0066998,38.70166,-121.323249,-0.55031
95660,-0.31253,0.0066998,38.697898,-121.377687,-0.55031
95823,-0.31253,0.0066998,38.45356,-121.435959,-0.53586
95678,-1.469,-1.4622,38.734136,-121.299639,-0.53586
95621,-1.469,0.0066998,38.720868,-121.309855,-0.50695
95673,-0.31253,0.0066998,38.687659,-121.4633,-0.50695
95758,-1.469,0.0066998,38.42465,-121.430137,-0.49972
95632,-0.31253,0.0066998,38.283085,-121.302071,-0.48527
95621,0.84397,0.0066998,38.715781,-121.298519,-0.48315
95621,0.84397,0.0066998,38.715781,-121.298519,-0.48315
95820,-0.31253,-1.4622,38.52774,-121.433669,-0.47804
95842,-0.31253,0.0066998,38.695677,-121.36022,-0.46358
95833,0.84397,0.0066998,38.620687,-121.482619,-0.46358
95827,-0.31253,0.0066998,38.564,-121.320023,-0.46358
95632,-0.31253,0.0066998,38.260467,-121.302636,-0.43468
95841,-0.31253,0.0066998,38.658734,-121.357196,-0.40577
95823,-0.31253,0.0066998,38.447585,-121.426627,-0.39131
95826,-0.31253,0.0066998,38.55992,-121.352539,-0.39131
95828,0.84397,0.0066998,38.466499,-121.381119,-0.39131
95608,-1.469,0.0066998,38.637396,-121.300055,-0.37686
95661,-0.31253,-1.4622,38.72748,-121.256537,-0.33115
95747,-0.31253,0.0066998,38.747878,-121.311279,-0.3082
95838,-0.31253,0.0066998,38.657811,-121.465327,-0.30459
95621,-0.31253,0.0066998,38.706152,-121.325399,-0.29953
95826,-0.31253,-1.4622,38.544368,-121.369979,-0.2829
95838,-0.31253,0.0066998,38.645689,-121.452766,-0.26372
95842,-0.31253,-1.4622,38.681541,-121.355616,-0.26122
95823,-0.31253,0.0066998,38.46452,-121.427606,-0.24427
95864,-1.469,-1.4622,38.581471,-121.38839,-0.22509
95841,0.84397,0.0066998,38.687943,-121.328883,-0.19618
95828,0.84397,1.4756,38.468639,-121.403265,-0.18895
95758,0.84397,0.0066998,38.413947,-121.408276,-0.1745
95621,-0.31253,-1.4622,38.698154,-121.298375,-0.16004
95828,0.84397,0.0066998,38.460492,-121.373379,-0.14794
95758,-1.469,0.0066998,38.423963,-121.428875,-0.14778
95833,0.84397,0.0066998,38.619675,-121.496903,-0.13836
95816,0.84397,1.4756,38.573844,-121.462839,-0.13836
95678,-0.31253,-1.4622,38.746794,-121.29971,-0.13764
95678,-0.31253,0.0066998,38.756149,-121.306479,-0.12029
95838,-0.31253,0.0066998,38.658466,-121.460661,-0.11668
95831,-1.469,-1.4622,38.48403,-121.507641,-0.10222
95758,0.84397,1.4756,38.417026,-121.416821,-0.094996
95624,-0.31253,0.0066998,38.398245,-121.380615,-0.081265
95843,-0.31253,-1.4622,38.705753,-121.388917,-0.079537
95632,0.84397,0.0066998,38.282001,-121.295902,-0.062474
95820,-0.31253,0.0066998,38.534827,-121.412545,-0.042043
95833,0.84397,0.0066998,38.62478,-121.523474,-0.029951
95828,-0.31253,0.0066998,38.47547,-121.380055,-0.029951
95841,-1.469,-1.4622,38.657789,-121.354994,-0.026179
95843,0.84397,1.4756,38.72286,-121.358939,-0.021279
95831,-0.31253,0.0066998,38.49026,-121.550527,-0.015497
95834,-1.469,0.0066998,38.644406,-121.549049,-0.011883
95822,-0.31253,-1.4622,38.523828,-121.481139,-0.0036372
95843,-0.31253,0.0066998,38.727657,-121.391028,-0.0010426
95831,-1.469,0.0066998,38.48797,-121.530229,0.002571
95828,0.84397,1.4756,38.462981,-121.408288,0.0061846
95670,2.0005,2.9445,38.603686,-121.277844,0.013412
95630,-0.31253,0.0066998,38.679626,-121.142609,0.013939
95835,-0.31253,0.0066998,38.665296,-121.531993,0.027866
95632,0.84397,0.0066998,38.277177,-121.303747,0.034089
95843,0.84397,1.4756,38.725079,-121.387698,0.040153
95829,0.84397,0.0066998,38.456939,-121.362965,0.042321
95834,2.0005,1.4756,38.63437,-121.510779,0.042321
95758,0.84397,0.0066998,38.43461,-121.429316,0.049548
95823,-0.31253,0.0066998,38.46179,-121.445371,0.078457
95833,0.84397,1.4756,38.604969,-121.54255,0.085684
95828,0.84397,0.0066998,38.489215,-121.419546,0.094602
95673,0.84397,0.0066998,38.687021,-121.463151,0.09638
95673,-0.31253,-1.4622,38.683674,-121.435204,0.1136
95835,-0.31253,0.0066998,38.675506,-121.510987,0.12182
95662,0.84397,0.0066998,38.691829,-121.249033,0.13017
95843,-0.31253,0.0066998,38.710221,-121.341707,0.14474
95624,0.84397,0.0066998,38.451353,-121.358776,0.17241
95603,-1.469,0.0066998,38.931671,-121.097862,0.18687
95758,0,0,38.416916,-121.407554,0.19409
95835,0.84397,1.4756,38.676172,-121.509761,0.19409
95835,0.84397,0.0066998,38.681194,-121.537351,0.19409
95762,0.84397,0.0066998,38.664347,-121.076529,0.20493
95742,0.84397,0.0066998,38.551046,-121.239411,0.23023
95608,-0.31253,-1.4622,38.671995,-121.324339,0.23023
95757,-0.31253,0.0066998,38.395256,-121.438249,0.25914
95757,0.84397,1.4756,38.380089,-121.428186,0.29112
95765,0,0,38.805036,-121.293608,0.29166
95828,-0.31253,0.0066998,38.476932,-121.378349,0.2977
95835,0.84397,1.4756,38.666074,-121.509743,0.31681
95632,0.84397,0.0066998,38.285611,-121.293063,0.33141
95814,-0.31253,1.4756,38.582818,-121.489096,0.36528
95621,-0.31253,0.0066998,38.715853,-121.317095,0.36677
95677,-0.31253,0.0066998,38.786746,-121.209957,0.36755
95603,-1.469,0.0066998,38.939802,-121.054575,0.36755
95608,0.84397,0.0066998,38.64913,-121.310667,0.36755
95623,-0.31253,0.0066998,38.673285,-120.879176,0.39645
95832,2.0005,1.4756,38.473162,-121.491085,0.43982
95758,0.84397,0.0066998,38.432848,-121.449237,0.44704
95670,0.84397,0.0066998,38.579,-121.292627,0.44745
95828,-0.31253,0.0066998,38.464994,-121.386962,0.45687
95823,0.84397,0.0066998,38.49254,-121.463316,0.47552
95648,2.0005,1.4756,38.847396,-121.259586,0.50486
95670,0.84397,1.4756,38.57727,-121.285591,0.51209
95747,0,0,38.773094,-121.365905,0.52654
95835,0.84397,0.0066998,38.68237,-121.539147,0.55782
95828,-0.31253,0.0066998,38.47316,-121.403893,0.5709
95828,-0.31253,0.0066998,38.468185,-121.375694,0.59614
95758,2.0005,1.4756,38.439565,-121.436606,0.6205
95843,2.0005,1.4756,38.707705,-121.354153,0.6205
95843,2.0005,1.4756,38.709299,-121.353056,0.65663
95834,0.84397,0.0066998,38.638764,-121.531827,0.68249
95757,-0.31253,1.4756,38.406758,-121.431669,0.7
95742,0,0,38.557293,-121.217611,0.70361
95833,0.84397,0.0066998,38.606906,-121.54132,0.76504
95838,0,0,38.664765,-121.445006,0.79941
95828,-0.31253,0.0066998,38.475433,-121.372584,0.80657
95757,0.84397,0.0066998,38.388129,-121.43117,0.84454
95632,0.84397,0.0066998,38.2535,-121.31812,0.86454
95632,0,0,38.287785,-121.289903,0.87345
95835,0.84397,0.0066998,38.68318,-121.53484,0.88093
95816,0,0,38.53805,-121.5047,0.90959
95835,0.84397,0.0066998,38.672966,-121.502748,0.91358
95835,-0.31253,0.0066998,38.67342,-121.508542,0.92625
95817,-0.31253,-1.4622,38.553596,-121.459483,0.94572
95678,-0.31253,0.0066998,38.791617,-121.286147,0.96418
95747,0,0,38.796121,-121.319963,0.97102
95765,-1.469,0.0066998,38.837006,-121.232024,0.98186
95667,0.84397,0.0066998,38.733155,-120.748039,0.98971
95757,-0.31253,0.0066998,38.390328,-121.448022,1.0397
95757,0,0,38.381102,-121.42901,1.0758
95818,-0.31253,-1.4622,38.541735,-121.480098,1.1119
95742,2.0005,1.4756,38.551083,-121.237476,1.1633
95819,-0.31253,0.0066998,38.574894,-121.435806,1.1987
95762,-0.31253,0.0066998,38.69288,-121.073551,1.1987
95843,0.84397,1.4756,38.727649,-121.385656,1.2596
95765,0,0,38.837455,-121.289337,1.2926
95815,0.84397,0.0066998,38.622359,-121.457582,1.3199
95762,0.84397,1.4756,38.675519,-121.015862,1.3432
95630,0.84397,1.4756,38.66695,-121.120729,1.3649
95682,0.84397,0.0066998,38.687072,-121.004729,1.3649
95814,-1.469,1.4756,38.571943,-121.492106,1.3974
95765,-0.31253,0.0066998,38.82553,-121.254698,1.4222
95758,0.84397,0.0066998,38.411258,-121.431348,1.5239
95757,0.84397,2.9445,38.399436,-121.444041,1.56
95834,2.0005,1.4756,38.628955,-121.529269,1.5745
95661,-0.31253,0.0066998,38.73988,-121.248929,1.7046
95762,0.84397,1.4756,38.677015,-121.034083,1.7118
95662,0.84397,2.9445,38.693041,-121.23294,1.7407
95758,-0.31253,1.4756,38.409689,-121.446059,1.8094
95762,2.0005,1.4756,38.647598,-121.077801,1.8311
95677,-0.31253,1.4756,38.777585,-121.2036,1.8401
95630,-0.31253,0.0066998,38.69435,-121.177259,1.9214
95663,-0.31253,0.0066998,38.862708,-121.162092,1.9697
95648,-1.469,0.0066998,38.861615,-121.26869,2.0081
95747,2.0005,1.4756,38.796683,-121.342555,2.0659
95670,0.84397,0.0066998,38.629299,-121.249021,2.1238
95693,2.0005,0.0066998,38.416809,-121.240628,2.493
95630,0.84397,1.4756,38.684459,-121.145935,2.9043
95608,0.84397,1.4756,38.63558,-121.353639,3.1382
95746,2.0005,1.4756,38.723545,-121.216025,3.1948
95667,-0.31253,0.0066998,38.737452,-120.910963,3.201
95693,2.0005,1.4756,38.413535,-121.188211,3.3066
95746,2.0005,1.4756,38.779435,-121.146676,3.8005
95648,0,0,38.885327,-121.289412,-1.6568
95648,0,0,38.885132,-121.289405,-1.6568
95648,0,0,38.884936,-121.289397,-1.6568
95648,0,0,38.884741,-121.28939,-1.6568
95648,0,0,38.884599,-121.289406,-1.6568
95648,0,0,38.884535,-121.289619,-1.6568
95648,0,0,38.88459,-121.289835,-1.6568
95648,0,0,38.884667,-121.289896,-1.6568
95648,0,0,38.88478,-121.289911,-1.6568
95648,0,0,38.885236,-121.289928,-1.6568
95648,0,0,38.88535,-121.289926,-1.6568
95648,0,0,38.885464,-121.289922,-1.6568
95648,0,0,38.885578,-121.289919,-1.6568
95648,0,0,38.885692,-121.289915,-1.6568
95648,0,0,38.885806,-121.289911,-1.6568
95648,0,0,38.88592,-121.289908,-1.6568
95648,0,0,38.886024,-121.289859,-1.6568
95648,0,0,38.886091,-121.289744,-1.6568
95648,0,0,38.88653,-121.289406,-1.6568
95648,0,0,38.884692,-121.290288,-1.6568
95648,0,0,38.884879,-121.290257,-1.6568
95648,0,0,38.885017,-121.290262,-1.6568
95648,0,0,38.885173,-121.29027,-1.6568
95648,0,0,38.885328,-121.290275,-1.6568
95648,0,0,38.885483,-121.290277,-1.6568
95648,0.84397,0.0066998,38.885638,-121.290279,-1.6568
95648,-0.31253,0.0066998,38.885794,-121.290281,-1.6568
95648,-0.31253,0.0066998,38.886104,-121.290285,-1.6568
95648,0,0,38.885093,-121.289932,-1.6568
95648,0,0,38.88653,-121.288952,-1.6568
95648,0,0,38.886528,-121.288869,-1.6568
95648,0,0,38.886525,-121.288787,-1.6568
95648,0,0,38.886282,-121.289586,-1.6568
95648,0,0,38.886282,-121.289646,-1.6568
95648,0,0,38.886282,-121.289706,-1.6568
95648,0,0,38.884865,-121.289922,-1.6568
95648,0,0,38.884752,-121.289907,-1.6568
95648,0,0,38.884638,-121.289893,-1.6568
95648,0,0,38.884568,-121.289784,-1.6568
95648,0,0,38.884546,-121.289562,-1.6568
95648,0,0,38.884645,-121.289397,-1.6568
95648,0,0,38.88479,-121.289392,-1.6568
95648,0,0,38.884985,-121.289399,-1.6568
95648,0,0,38.885181,-121.289406,-1.6568
95648,0,0,38.885376,-121.289414,-1.6568
95648,0,0,38.885571,-121.289421,-1.6568
95648,0,0,38.885962,-121.289436,-1.6568
95648,0,0,38.885962,-121.289436,-1.6568
95648,0,0,38.886093,-121.289584,-1.6568
95621,-0.31253,0.0066998,38.715322,-121.314787,-1.4754
95673,0,0,38.687172,-121.463933,-1.4754
95823,-1.469,-1.4622,38.471646,-121.435158,-1.2917
95660,-1.469,-1.4622,38.672642,-121.380343,-1.2369
95815,-1.469,-1.4622,38.608085,-121.449651,-1.2224
95838,-1.469,-1.4622,38.636833,-121.44164,-1.2224
95817,-1.469,-1.4622,38.544162,-121.460652,-1.2224
95822,-1.469,0.0066998,38.493504,-121.475304,-1.2116
95838,-1.469,-1.4622,38.636877,-121.444948,-1.1791
95824,-1.469,-1.4622,38.521202,-121.428146,-1.1502
95823,-1.469,-1.4622,38.459002,-121.428794,-1.1357
95815,-1.469,-1.4622,38.6238,-121.439872,-1.0779
95823,-0.31253,0.0066998,38.466938,-121.455631,-1.0011
95815,-1.469,-1.4622,38.62391,-121.439208,-0.99739
95822,-1.469,-1.4622,38.517029,-121.513809,-0.93877
95842,0.84397,0.0066998,38.679598,-121.356035,-0.93335
95822,-1.469,-1.4622,38.520319,-121.504727,-0.91167
95838,0.84397,0.0066998,38.635232,-121.460098,-0.90444
95670,-1.469,-1.4622,38.610852,-121.273278,-0.86108
95835,-2.6255,-1.4622,38.658812,-121.542345,-0.86108
95827,-0.31253,0.0066998,38.563402,-121.327747,-0.85747
95838,-0.31253,0.0066998,38.660173,-121.440216,-0.8566
95670,-0.31253,0.0066998,38.59368,-121.316054,-0.85385
95822,-0.31253,0.0066998,38.492177,-121.503392,-0.81049
95822,-0.31253,0.0066998,38.491991,-121.477636,-0.80688
95823,0.84397,0.0066998,38.481454,-121.446644,-0.80326
95838,-0.31253,0.0066998,38.655554,-121.464275,-0.79604
95842,0.84397,0.0066998,38.69043,-121.361035,-0.79604
95660,-0.31253,0.0066998,38.686061,-121.369949,-0.79305
95822,0.84397,0.0066998,38.482717,-121.499683,-0.78881
95828,-0.31253,0.0066998,38.477297,-121.411513,-0.75267
95660,-1.469,0.0066998,38.659016,-121.370457,-0.74003
95838,0.84397,1.4756,38.646541,-121.441139,-0.69687
95833,-0.31253,0.0066998,38.623045,-121.486279,-0.69659
95823,-0.31253,0.0066998,38.487297,-121.44295,-0.69486
95821,-0.31253,-1.4622,38.619012,-121.415329,-0.6804
95824,-0.31253,-1.4622,38.522015,-121.438713,-0.64426
95828,-1.469,0.0066998,38.47955,-121.410867,-0.64426
95823,-0.31253,0.0066998,38.472117,-121.459589,-0.60813
95827,-0.31253,0.0066998,38.559641,-121.32316,-0.60813
95828,0.84397,0.0066998,38.493484,-121.42035,-0.6009
95842,-0.31253,0.0066998,38.68747,-121.349234,-0.57199
95621,-0.31253,0.0066998,38.695863,-121.300814,-0.56621
95826,-0.31253,0.0066998,38.554927,-121.35521,-0.56374
95828,0.84397,0.0066998,38.474854,-121.404726,-0.55031
95828,3.157,2.9445,38.465271,-121.40426,-0.53658
95610,-0.31253,0.0066998,38.689239,-121.267737,-0.53586
95843,-0.31253,0.0066998,38.70968,-121.382328,-0.52502
95826,0.84397,0.0066998,38.536751,-121.359154,-0.52429
95632,-0.31253,0.0066998,38.282047,-121.295812,-0.5214
95828,0.84397,0.0066998,38.487864,-121.402476,-0.49972
95828,-0.31253,0.0066998,38.467487,-121.377055,-0.49972
95758,-0.31253,0.0066998,38.434075,-121.432623,-0.48315
95842,2.0005,0.0066998,38.677003,-121.354454,-0.47804
95823,0.84397,0.0066998,38.449153,-121.428272,-0.47804
95843,-0.31253,0.0066998,38.71846,-121.370862,-0.47262
95826,-0.31253,-1.4622,38.544374,-121.370874,-0.47262
95621,-0.31253,-1.4622,38.71641,-121.306239,-0.46358
95828,-0.31253,0.0066998,38.479343,-121.372553,-0.46178
95823,-0.31253,0.0066998,38.466781,-121.450955,-0.4419
95726,-0.31253,-1.4622,38.77491,-120.597599,-0.42745
95826,-0.31253,0.0066998,38.553275,-121.346218,-0.41953
95835,-0.31253,0.0066998,38.68271,-121.501697,-0.41841
95621,-0.31253,0.0066998,38.70799,-121.302979,-0.40577
95823,0.84397,0.0066998,38.448452,-121.428536,-0.39854
95670,-0.31253,0.0066998,38.60868,-121.27849,-0.39131
95838,-0.31253,0.0066998,38.646206,-121.442767,-0.39131
95678,-0.31253,0.0066998,38.734136,-121.299639,-0.39131
95823,-0.31253,0.0066998,38.44617,-121.427824,-0.38409
95673,-0.31253,0.0066998,38.68279,-121.453509,-0.37686
95678,-0.31253,0.0066998,38.72446,-121.292829,-0.37262
95822,0.84397,0.0066998,38.48291,-121.491509,-0.35464
95829,-0.31253,0.0066998,38.453839,-121.357919,-0.34916
95826,0.84397,0.0066998,38.565322,-121.374251,-0.34228
95832,-0.31253,0.0066998,38.476048,-121.494961,-0.34072
95833,-0.31253,0.0066998,38.609864,-121.492304,-0.33107
95758,-0.31253,0.0066998,38.431239,-121.44001,-0.31904
95838,-0.31253,-1.4622,38.659434,-121.455236,-0.31904
95827,0.84397,0.0066998,38.573917,-121.316916,-0.31904
95661,-1.469,-1.4622,38.727609,-121.226494,-0.31904
95823,-0.31253,0.0066998,38.478239,-121.446326,-0.31001
95670,-0.31253,0.0066998,38.589925,-121.299059,-0.29736
95823,-0.31253,0.0066998,38.470494,-121.454162,-0.29374
95631,0,0,39.020808,-120.821518,-0.28422
95842,0.84397,0.0066998,38.693071,-121.332365,-0.2829
95610,0.84397,1.4756,38.676437,-121.279165,-0.2829
95682,-1.469,0.0066998,38.690504,-120.996245,-0.2829
95821,-0.31253,-1.4622,38.611055,-121.369964,-0.2829
95820,-0.31253,-1.4622,38.532725,-121.469078,-0.26122
95833,-0.31253,0.0066998,38.618019,-121.510215,-0.24749
95628,-0.31253,-1.4622,38.66424,-121.303675,-0.24677
95608,-0.31253,-1.4622,38.622634,-121.330846,-0.23954
95758,0.84397,0.0066998,38.42139,-121.411339,-0.21122
95843,-0.31253,0.0066998,38.724083,-121.3584,-0.21063
95623,-1.469,-1.4622,38.678758,-120.844118,-0.21063
95838,-0.31253,0.0066998,38.641727,-121.412703,-0.20429
95832,0.84397,0.0066998,38.47723,-121.492568,-0.19618
95843,0.84397,0.0066998,38.71174,-121.342675,-0.1908
95835,-0.31253,0.0066998,38.681952,-121.505009,-0.18172
95834,-0.31253,0.0066998,38.640807,-121.533522,-0.1745
95835,-2.6255,-1.4622,38.668433,-121.503471,-0.16767
95678,-0.31253,0.0066998,38.793533,-121.289685,-0.15643
95758,0.84397,0.0066998,38.449651,-121.414704,-0.14739
95758,-0.31253,0.0066998,38.410561,-121.404327,-0.13836
95682,-1.469,0.0066998,38.691215,-120.994949,-0.13836
95661,0.84397,-1.4622,38.736392,-121.2664,-0.13836
95619,-0.31253,0.0066998,38.688255,-120.810235,-0.13089
95825,0.84397,0.0066998,38.593598,-121.403637,-0.10222
95817,-1.469,-1.4622,38.557433,-121.47034,-0.10222
95818,-1.469,-1.4622,38.556818,-121.490669,-0.10222
95621,0.84397,0.0066998,38.698058,-121.294893,-0.10222
95757,-0.31253,0.0066998,38.404888,-121.443998,-0.10222
95608,-1.469,0.0066998,38.63173,-121.335286,-0.09715
95825,0.84397,0.0066998,38.585291,-121.406824,-0.09319
95758,-0.31253,0.0066998,38.423913,-121.439115,-0.087769
95757,0,0,38.3052,-121.4033,-0.084156
95624,2.0005,0.0066998,38.421713,-121.345191,-0.082349
95834,-0.31253,0.0066998,38.638882,-121.531883,-0.066088
95838,0.84397,0.0066998,38.650729,-121.466483,-0.066088
95829,0.84397,1.4756,38.459524,-121.3501,-0.038986
95624,-0.31253,0.0066998,38.443184,-121.364388,-0.037179
95677,-0.31253,0.0066998,38.798028,-121.235364,-0.029265
95834,2.0005,1.4756,38.639891,-121.537603,-0.011883
95670,-0.31253,0.0066998,38.59675,-121.312716,-0.0082698
95624,0.84397,0.0066998,38.38751,-121.370276,-0.0046562
95835,-0.31253,0.0066998,38.671556,-121.520916,0.035093
95843,0.84397,1.4756,38.706209,-121.369509,0.042321
95624,0.84397,0.0066998,38.420637,-121.375798,0.042321
95823,-0.31253,0.0066998,38.443305,-121.435296,0.049338
95670,-1.469,0.0066998,38.625932,-121.271517,0.056775
95829,-0.31253,0.0066998,38.455753,-121.349273,0.067255
95835,0.84397,0.0066998,38.674226,-121.525497,0.067616
95843,-0.31253,0.0066998,38.720767,-121.376678,0.089616
95843,0.84397,0.0066998,38.70884,-121.359559,0.091104
95834,0,0,38.631139,-121.501879,0.092911
95608,-0.31253,0.0066998,38.657267,-121.310352,0.092911
95621,-0.31253,0.0066998,38.708966,-121.32467,0.10737
95758,0.84397,1.4756,38.422241,-121.458022,0.10737
95758,-0.31253,0.0066998,38.428852,-121.415628,0.11459
95821,-0.31253,0.0066998,38.627698,-121.369698,0.11459
95765,0,0,38.804993,-121.293609,0.11459
95826,0.84397,0.0066998,38.555633,-121.350691,0.12905
95624,-0.31253,0.0066998,38.442845,-121.373272,0.15073
95825,-0.31253,-1.4622,38.599449,-121.400305,0.15073
95747,-0.31253,0.0066998,38.776649,-121.339589,0.15073
95835,0.84397,0.0066998,38.675594,-121.515878,0.16663
95662,-0.31253,0.0066998,38.679409,-121.219107,0.18687
95648,-0.31253,0.0066998,38.89918,-121.322514,0.18687
95835,-0.31253,0.0066998,38.679191,-121.537622,0.21216
95757,-0.31253,0.0066998,38.387708,-121.436522,0.23391
95648,0.84397,0.0066998,38.88156,-121.301343,0.24288
95667,0,0,38.813546,-120.809254,0.25914
95747,0,0,38.770835,-121.366996,0.26636
95762,0.84397,0.0066998,38.695801,-121.079216,0.27865
95682,0,0,38.64347,-120.888183,0.29527
95757,-0.31253,0.0066998,38.397455,-121.468391,0.29527
95835,2.0005,1.4756,38.663728,-121.525833,0.3025
95648,-0.31253,0.0066998,38.844116,-121.274806,0.30611
95632,0.84397,1.4756,38.258976,-121.321266,0.31695
95835,2.0005,1.4756,38.667332,-121.528276,0.32418
95608,-0.31253,0.0066998,38.66266,-121.316858,0.33141
95621,0.84397,0.0066998,38.691393,-121.305215,0.33141
95757,-0.31253,0.0066998,38.397923,-121.450219,0.36755
95758,-0.31253,0.0066998,38.417191,-121.473897,0.38923
95624,0.84397,1.4756,38.391085,-121.347231,0.39645
95825,-0.31253,0.0066998,38.567865,-121.410699,0.40368
95843,0.84397,0.0066998,38.704554,-121.354753,0.40368
95838,0.84397,0.0066998,38.644927,-121.43054,0.43256
95667,-0.31253,0.0066998,38.729993,-120.802458,0.43259
95624,0.84397,0.0066998,38.450548,-121.363002,0.43384
95650,0.84397,0.0066998,38.825096,-121.198432,0.43982
95624,0,0,38.446286,-121.400817,0.4615
95624,0.84397,0.0066998,38.422221,-121.375799,0.4615
95818,-1.469,-1.4622,38.556844,-121.490769,0.46873
95825,-1.469,0.0066998,38.567795,-121.410703,0.47595
95614,-0.31253,0.0066998,38.905927,-120.975169,0.47595
95624,3.157,1.4756,38.404505,-121.346938,0.47595
95765,-0.31253,0.0066998,38.800539,-121.260979,0.48005
95757,2.0005,1.4756,38.38912,-121.434389,0.49764
95610,-0.31253,0.0066998,38.715493,-121.26293,0.51209
95648,0.84397,0.0066998,38.865017,-121.32302,0.51932
95608,-0.31253,0.0066998,38.618369,-121.326187,0.54823
95630,-0.31253,0.0066998,38.651617,-121.131674,0.54823
95678,0.84397,1.4756,38.76349,-121.275881,0.54823
95831,0.84397,0.0066998,38.490408,-121.547664,0.5592
95648,2.0005,1.4756,38.844144,-121.274174,0.56268
95742,0,0,38.529181,-121.224755,0.56991
95662,0.84397,0.0066998,38.668289,-121.192316,0.58436
95678,0.84397,1.4756,38.775872,-121.298864,0.58436
95843,2.0005,1.4756,38.711927,-121.343608,0.58436
95864,-0.31253,0.0066998,38.606569,-121.368424,0.58436
95765,0.84397,0.0066998,38.815493,-121.262908,0.58436
95822,-0.31253,0.0066998,38.525115,-121.518689,0.6205
95834,0.84397,1.4756,38.64977,-121.53448,0.63495
95765,0.84397,0.0066998,38.82273,-121.26424,0.65663
95747,0,0,38.772821,-121.364821,0.66025
95678,-0.31253,0.0066998,38.771917,-121.304439,0.67073
95632,-0.31253,0.0066998,38.290119,-121.286023,0.68099
95648,-1.469,0.0066998,38.861864,-121.267478,0.69277
95670,0.84397,1.4756,38.580545,-121.279016,0.69277
95827,0.84397,0.0066998,38.56803,-121.309966,0.70144
95834,0.84397,1.4756,38.6354,-121.53499,0.70722
95835,-0.31253,1.4756,38.674864,-121.4958,0.72168
95662,-0.31253,0.0066998,38.667703,-121.209456,0.72891
95835,0.84397,0.0066998,38.66841,-121.494639,0.77227
95765,2.0005,1.4756,38.807816,-121.270008,0.81112
95678,2.0005,1.4756,38.79218,-121.28595,0.81726
95757,2.0005,1.4756,38.386239,-121.448159,0.83009
95843,-0.31253,0.0066998,38.709513,-121.359357,0.83731
95648,-1.469,0.0066998,38.853869,-121.271742,0.83731
95678,-0.31253,0.0066998,38.792461,-121.275711,0.83731
95678,-0.31253,0.0066998,38.762153,-121.283451,0.83731
95831,-0.31253,0.0066998,38.483212,-121.54019,0.84454
95762,-0.31253,0.0066998,38.686067,-121.073413,0.88212
95661,0.84397,0.0066998,38.733985,-121.236766,0.90959
95747,0.84397,1.4756,38.792493,-121.331899,0.96352
95747,0,0,38.778561,-121.362008,1.018
95690,-0.31253,-1.4622,38.247659,-121.515129,1.0541
95758,-0.31253,0.0066998,38.429139,-121.423444,1.0583
95608,-0.31253,0.0066998,38.629929,-121.323086,1.0991
95648,0,0,38.867125,-121.319085,1.1192
95742,0,0,38.5357,-121.2249,1.1264
95661,-0.31253,0.0066998,38.737872,-121.249025,1.1662
95742,0,0,38.527384,-121.233531,1.1698
95757,2.0005,1.4756,38.405571,-121.445186,1.177
95648,0,0,38.904869,-121.32075,1.1987
95762,0.84397,0.0066998,38.656299,-121.079783,1.1987
95747,0.84397,1.4756,38.808581,-121.32785,1.289
95818,-1.469,-1.4622,38.551611,-121.504437,1.2962
95608,-0.31253,0.0066998,38.634111,-121.353376,1.3071
95603,0.84397,1.4756,38.935579,-121.079018,1.3465
95819,-0.31253,-1.4622,38.579326,-121.44252,1.3794
95682,-0.31253,0.0066998,38.669805,-120.999007,1.3794
95648,0,0,38.860007,-121.310946,1.4408
95747,2.0005,1.4756,38.804773,-121.341195,1.4733
95630,2.0005,1.4756,38.66051,-121.163689,1.495
95831,2.0005,1.4756,38.506371,-121.514456,1.5239
95630,0.84397,1.4756,38.673882,-121.105077,1.5311
95821,0.84397,0.0066998,38.621566,-121.370882,1.56
95661,0.84397,1.4756,38.750577,-121.232768,1.5962
95762,-0.31253,0.0066998,38.680092,-121.036467,1.6323
95667,-0.31253,0.0066998,38.690867,-120.693641,1.7407
95633,-0.31253,0.0066998,38.84255,-120.8754,1.8491
95762,0.84397,0.0066998,38.681778,-121.035838,1.8708
95762,2.0005,2.9445,38.676131,-121.038931,1.9792
95747,0,0,38.780051,-121.378718,2.0009
95628,-0.31253,0.0066998,38.650735,-121.258628,2.1021
95762,0.84397,1.4756,38.664066,-121.056735,2.1599
95864,-0.31253,-1.4622,38.588936,-121.373606,2.2466
95603,0.84397,1.4756,38.865246,-121.094869,2.355
95816,-1.469,-1.4622,38.568438,-121.457854,2.4634
95630,0.84397,1.4756,38.703962,-121.1871,2.4634
95829,2.0005,2.9445,38.45326,-121.32573,2.6347
95747,2.0005,1.4756,38.798448,-121.344054,2.6441
95677,0.84397,1.4756,38.772672,-121.220232,2.6441
95746,0.84397,1.4756,38.732096,-121.219142,2.6441
95677,0,0,38.781134,-121.222801,2.6441
95747,2.0005,1.4756,38.78861,-121.339495,2.7164
95762,0,0,38.6478,-121.0309,2.8067
95762,0,0,38.682961,-121.033253,3.2223
95762,0.84397,1.4756,38.706692,-121.058869,4.6605
95693,0.84397,1.4756,38.415298,-121.194858,4.7024
95648,-0.31253,1.4756,38.851645,-121.231742,-1.681
95683,-0.31253,2.9445,38.490447,-121.129337,-1.6778
95828,0.84397,0.0066998,38.488628,-121.387759,-1.2806
95826,-2.6255,-1.4622,38.542419,-121.359904,-1.2586
95823,-1.469,-1.4622,38.471139,-121.432255,-1.2514
95842,-1.469,-1.4622,38.670467,-121.359799,-1.2441
95820,-1.469,-1.4622,38.539213,-121.46393,-1.1967
95838,-1.469,-1.4622,38.643978,-121.449562,-1.1863
95815,0.84397,0.0066998,38.618716,-121.466327,-1.114
95838,-0.31253,0.0066998,38.64472,-121.452228,-1.0743
95833,-1.469,-1.4622,38.627147,-121.500799,-1.0273
95824,-1.469,0.0066998,38.520469,-121.458606,-1.0157
95822,-0.31253,-1.4622,38.488238,-121.472561,-1.0056
95838,-0.31253,0.0066998,38.628842,-121.446127,-0.98575
95823,-0.31253,0.0066998,38.484374,-121.463157,-0.94058
95660,-0.31253,-1.4622,38.679279,-121.376615,-0.93335
95825,-2.6255,-1.4622,38.578675,-121.409951,-0.91409
95824,-0.31253,-1.4622,38.511893,-121.457676,-0.90444
95838,-0.31253,-1.4622,38.647398,-121.432914,-0.89722
95660,-0.31253,-1.4622,38.669587,-121.379879,-0.89722
95832,-0.31253,0.0066998,38.480126,-121.487869,-0.87915
95832,-0.31253,0.0066998,38.479593,-121.48434,-0.86253
95823,-0.31253,-1.4622,38.465551,-121.42661,-0.85385
95682,0,0,38.681393,-120.996713,-0.83217
95820,0.84397,0.0066998,38.528479,-121.411806,-0.8141
95828,-0.31253,0.0066998,38.47709,-121.410569,-0.81049
95820,-1.469,0.0066998,38.532359,-121.41167,-0.79839
95838,0.84397,0.0066998,38.631925,-121.427775,-0.77541
95817,-0.31253,0.0066998,38.546091,-121.457745,-0.77393
95828,-0.31253,-1.4622,38.507339,-121.416267,-0.76216
95823,-0.31253,0.0066998,38.466388,-121.458861,-0.75629
95824,-0.31253,0.0066998,38.52049,-121.411383,-0.75267
95822,0.84397,0.0066998,38.506382,-121.483574,-0.74003
95673,-1.469,-1.4622,38.695589,-121.444133,-0.73822
95823,-0.31253,0.0066998,38.462376,-121.426556,-0.72376
95670,-0.31253,-1.4622,38.593049,-121.30304,-0.72376
95648,0,0,38.88415,-121.270277,-0.69486
95843,-0.31253,0.0066998,38.706175,-121.379776,-0.66595
95825,-0.31253,-1.4622,38.603593,-121.417011,-0.65863
95828,-0.31253,0.0066998,38.477563,-121.384382,-0.63815
95691,-1.469,-1.4622,38.563084,-121.535579,-0.62981
95817,-0.31253,-1.4622,38.54117,-121.458129,-0.61716
95823,0.84397,0.0066998,38.46654,-121.419029,-0.60813
95842,-1.469,-1.4622,38.672567,-121.356754,-0.60485
95823,-0.31253,0.0066998,38.46616,-121.448283,-0.60027
95843,-0.31253,0.0066998,38.725873,-121.35856,-0.5554
95832,-0.31253,0.0066998,38.473775,-121.493777,-0.55392
95823,-0.31253,0.0066998,38.502034,-121.456027,-0.53586
95660,-0.31253,0.0066998,38.685361,-121.376938,-0.53586
95621,0.84397,0.0066998,38.717738,-121.308322,-0.52682
95823,-0.31253,0.0066998,38.462821,-121.433135,-0.50695
95818,-1.469,-1.4622,38.556178,-121.476256,-0.49972
95691,0,0,38.584526,-121.534609,-0.49972
95829,0.84397,0.0066998,38.467012,-121.359969,-0.4943
95621,-0.31253,-1.4622,38.681554,-121.312934,-0.49249
95834,-0.31253,0.0066998,38.634292,-121.485106,-0.47081
95648,-0.31253,0.0066998,38.893168,-121.305398,-0.46358
95747,-1.469,0.0066998,38.795529,-121.328819,-0.46358
95828,0.84397,0.0066998,38.490606,-121.410173,-0.46358
95832,-0.31253,0.0066998,38.475853,-121.477039,-0.46358
95828,-0.31253,-1.4622,38.490822,-121.401643,-0.45834
95831,-1.469,0.0066998,38.480859,-121.539745,-0.45094
95833,-0.31253,0.0066998,38.622794,-121.499173,-0.44913
95823,-1.469,0.0066998,38.502254,-121.451444,-0.4415
95758,-0.31253,0.0066998,38.433919,-121.422347,-0.43468
95833,-0.31253,0.0066998,38.62457,-121.486913,-0.43287
95624,0.84397,0.0066998,38.44574,-121.3725,-0.41408
95823,0.84397,0.0066998,38.45073,-121.427528,-0.39493
95628,-0.31253,-1.4622,38.667254,-121.240708,-0.35518
95648,0,0,38.88417,-121.270222,-0.33349
95834,-0.31253,0.0066998,38.634335,-121.486098,-0.32844
95820,-0.31253,-1.4622,38.530144,-121.43749,-0.32627
95628,-0.31253,-1.4622,38.66745,-121.2364,-0.32627
95621,0.84397,1.4756,38.699714,-121.311635,-0.32023
95838,0.84397,0.0066998,38.649258,-121.465308,-0.31904
95662,-0.31253,0.0066998,38.687006,-121.254319,-0.31001
95832,-0.31253,0.0066998,38.477568,-121.492574,-0.30693
95823,-0.31253,0.0066998,38.46734,-121.419843,-0.27929
95621,-0.31253,-1.4622,38.700717,-121.3133,-0.26122
95838,-0.31253,0.0066998,38.651386,-121.45042,-0.24677
95758,-0.31253,0.0066998,38.42442,-121.440357,-0.24677
95624,-0.31253,0.0066998,38.452075,-121.366461,-0.24677
95691,0,0,38.569943,-121.527539,-0.24605
95835,-0.31253,0.0066998,38.68197,-121.500025,-0.23572
95624,0.84397,0.0066998,38.438818,-121.37443,-0.21244
95842,0.84397,1.4756,38.68607,-121.342369,-0.21063
95818,-1.469,0.0066998,38.555781,-121.485331,-0.21063
95608,-0.31253,0.0066998,38.623372,-121.347665,-0.20413
95758,-1.469,0.0066998,38.424421,-121.443915,-0.19618
95815,-1.469,-1.4622,38.612694,-121.456669,-0.18915
95747,-0.31253,0.0066998,38.737882,-121.308142,-0.18714
95660,-0.31253,-1.4622,38.694279,-121.373395,-0.18665
95632,-0.31253,0.0066998,38.259708,-121.311616,-0.17922
95624,0.84397,0.0066998,38.444,-121.370993,-0.16366
95843,-0.31253,0.0066998,38.722959,-121.347115,-0.16004
95828,-0.31253,0.0066998,38.467836,-121.410366,-0.15281
95624,-0.31253,0.0066998,38.451398,-121.366614,-0.13113
95828,-0.31253,-1.4622,38.508217,-121.411207,-0.13098
95610,-0.31253,0.0066998,38.715423,-121.246743,-0.10945
95757,-0.31253,0.0066998,38.390893,-121.437821,-0.10371
95758,-0.31253,0.0066998,38.424497,-121.426595,-0.10222
95678,-0.31253,0.0066998,38.793152,-121.290025,-0.10222
95608,0.84397,0.0066998,38.665104,-121.315901,-0.10222
95632,0.84397,0.0066998,38.289544,-121.284607,-0.10222
95842,0.84397,0.0066998,38.69674,-121.350519,-0.080542
95834,0,0,38.631026,-121.501879,-0.073315
95821,-0.31253,-1.4622,38.629468,-121.376445,-0.073315
95660,-0.31253,-1.4622,38.70355,-121.375103,-0.071494
95682,-0.31253,0.0066998,38.69757,-120.995739,-0.069701
95662,-0.31253,-1.4622,38.703056,-121.235221,-0.066088
95757,-0.31253,0.0066998,38.389756,-121.446246,-0.044406
95648,-0.31253,0.0066998,38.897814,-121.324691,-0.036984
95823,0.84397,0.0066998,38.467936,-121.445477,-0.033565
95823,0.84397,0.0066998,38.445342,-121.441504,-0.029951
95758,-0.31253,0.0066998,38.417382,-121.484325,-0.029951
95829,0.84397,1.4756,38.457679,-121.35962,-0.012425
95823,-0.31253,0.0066998,38.499893,-121.45889,-0.0010426
95610,-0.31253,0.0066998,38.708824,-121.256803,0.0061846
95758,0.84397,0.0066998,38.417,-121.397424,0.00836
95762,-0.31253,0.0066998,38.655245,-121.075915,0.011518